fecha,departamento,municipio,precipitacion_mm,demanda_municipio_est_gwh,demanda_predicha_gwh,error_absoluto
2026-01-01,Antioquia,Antioquia,0.0,0.0,0.0,0.0
2026-01-01,Arauca,Arauca,0.0,0.0,0.0,0.0
2026-01-01,Atlántico,Atlántico,0.0,0.0,0.0,0.0
2026-01-01,Bogotá,Bogotá,0.0,0.0,0.0,0.0
2026-01-01,Bogotá,Bogotá (municipio),0.0,0.0,0.0,0.0
2026-01-01,Bolívar,Bolívar,0.0,0.0,0.0,0.0
2026-01-01,Bolívar,Cartagena,0.0,0.0,0.0,0.0
2026-01-01,Bolívar,El Carmen de Bolívar,0.0,0.0,0.0012351607043836275,0.0012351607043836275
2026-01-01,Bolívar,Magangué,0.0,0.0,0.008159550488202523,0.008159550488202523
2026-01-01,Bolívar,Turbaco,0.0,0.0,0.011169673021030193,0.011169673021030193
2026-01-01,Boyacá,Boyacá,0.0,0.0,0.0,0.0
2026-01-01,Boyacá,Chiquinquira,0.0,0.010551,0.015905901455639058,0.005354901455639058
2026-01-01,Boyacá,Duitama,0.0,0.034087,0.04421937429483693,0.010132374294836932
2026-01-01,Boyacá,Puerto Boyacá,0.0,0.0,0.008888709857893895,0.008888709857893895
2026-01-01,Boyacá,Sogamoso,0.0,0.297483,0.4497684761538407,0.1522854761538407
2026-01-01,Caldas,Caldas,0.0,0.0,0.0,0.0
2026-01-01,Caldas,Chinchiná,2.9,0.0,0.0,0.0
2026-01-01,Caldas,La Dorada,2.9,0.006297,0.008159550488202523,0.0018625504882025237
2026-01-01,Caldas,Manizales,2.9,0.291773,0.7969984664045584,0.5052254664045583
2026-01-01,Caldas,Riosucio,2.9,0.0,0.014896440910434704,0.014896440910434704
2026-01-01,Caldas,Villamaría,2.9,0.0,0.020167802642475308,0.020167802642475308
2026-01-01,Caquetá,Caquetá,0.0,0.0,0.0,0.0
2026-01-01,Caquetá,Belén de los Andaquíes,0.0,0.0,0.0,0.0
2026-01-01,Caquetá,Florencia,0.0,0.009042,0.0012351607043836275,0.007806839295616372
2026-01-01,Caquetá,San Vicente del Caguán,0.0,0.0,0.014896440910434704,0.014896440910434704
2026-01-01,Casanare,Casanare,0.0,0.0,0.0,0.0
2026-01-01,Casanare,Aguazul,0.0,0.018908,0.023258560074596365,0.004350560074596364
2026-01-01,Casanare,Paz de Ariporo,0.0,0.0,0.008888709857893895,0.008888709857893895
2026-01-01,Casanare,Tauramena,0.0,0.4427,0.5914395994664772,0.1487395994664772
2026-01-01,Casanare,Yopal,0.0,0.085376,0.10089558889802479,0.015519588898024794
2026-01-01,Cauca,Cauca,0.0,0.0,0.0,0.0
2026-01-01,Cauca,Patía,0.0,0.0,0.008888709857893895,0.008888709857893895
2026-01-01,Cauca,Popayán,0.0,0.0,0.008888709857893895,0.008888709857893895
2026-01-01,Cauca,Puerto Tejada,0.0,0.058133,0.014896440910434704,0.043236559089565293
2026-01-01,Cauca,Santander de Quilichao,0.0,0.0,0.008888709857893895,0.008888709857893895
2026-01-01,Cesar,Cesar,0.0,0.0,0.0,0.0
2026-01-01,Cesar,Aguachica,5.2,0.013744,0.022847000910473803,0.009103000910473804
2026-01-01,Cesar,Agustín Codazzi,5.2,0.0,0.0,0.0
2026-01-01,Cesar,Bosconia,5.2,0.002936,0.0048716290701106635,0.0019356290701106637
2026-01-01,Cesar,Valledupar,5.2,0.126874,0.12811258643140258,0.001238586431402594
2026-01-01,Chocó,Chocó,0.0,0.0,0.0,0.0
2026-01-01,Chocó,Bahía Solano,34.9,0.0,0.0,0.0
2026-01-01,Chocó,El Carmén,34.9,0.0,0.0012351607043836275,0.0012351607043836275
2026-01-01,Chocó,Itsmina,34.9,0.0,0.0012351607043836275,0.0012351607043836275
2026-01-01,Chocó,Quibdó,32.35,0.0,0.014896440910434704,0.014896440910434704
2026-01-01,Cundinamarca,Cundinamarca,0.0,0.0,0.0,0.0
2026-01-01,Cundinamarca,Chía,0.0,0.0,0.0,0.0
2026-01-01,Cundinamarca,Facatativá,0.0,0.0,0.0012351607043836275,0.0012351607043836275
2026-01-01,Cundinamarca,Fusagasugá,0.0,0.0,0.0012351607043836275,0.0012351607043836275
2026-01-01,Cundinamarca,Soacha,0.0,0.319072,0.4497684761538407,0.13069647615384067
2026-01-01,Cundinamarca,Zipaquirá,0.0,0.0,0.0,0.0
2026-01-01,Córdoba,Córdoba,0.0,0.0,0.0,0.0
2026-01-01,Córdoba,Cereté,0.0,0.0,0.0,0.0
2026-01-01,Córdoba,Lorica,0.0,0.026073,0.008159550488202523,0.017913449511797477
2026-01-01,Córdoba,Montelibano,0.0,3.774382,3.587478950356852,0.1869030496431483
2026-01-01,Córdoba,Montería,0.0,0.0,0.008888709857893895,0.008888709857893895
2026-01-01,Córdoba,Sahagún,0.0,0.0,0.014896440910434704,0.014896440910434704
2026-01-01,Huila,Huila,0.0,0.0,0.0012351607043836275,0.0012351607043836275
2026-01-01,Huila,Garzón,0.0,0.0,0.0012351607043836275,0.0012351607043836275
2026-01-01,Huila,La Plata,0.0,0.0006,0.008159550488202523,0.0075595504882025235
2026-01-01,Huila,Neiva,0.0,0.155131,0.2512459490693344,0.0961149490693344
2026-01-01,Huila,Pitalito,0.0,0.015473,0.2512459490693344,0.23577294906933438
2026-01-01,La Guajira,La Guajira,0.0,0.0,0.008159550488202523,0.008159550488202523
2026-01-01,La Guajira,Maicao,0.0,0.00335,0.008159550488202523,0.004809550488202523
2026-01-01,La Guajira,Riohacha,0.0,0.202372,0.3514022759808056,0.1490302759808056
2026-01-01,La Guajira,San Juan del Cesar,0.0,0.0,0.010832382237350892,0.010832382237350892
2026-01-01,La Guajira,Uribia,0.0,0.000855,0.07127782493697991,0.07042282493697992
2026-01-01,Magdalena,Magdalena,0.0,0.0,0.008159550488202523,0.008159550488202523
2026-01-01,Magdalena,Ciénaga,20.0,0.0,0.0,0.0
2026-01-01,Magdalena,El Banco,20.0,0.001848,0.0012351607043836275,0.0006128392956163725
2026-01-01,Magdalena,Fundación,20.0,0.0,0.0012351607043836275,0.0012351607043836275
2026-01-01,Magdalena,Santa Marta,20.0,0.322239,0.43215060312312326,0.10991160312312326
2026-01-01,Meta,Meta,0.0,0.0,0.0,0.0
2026-01-01,Meta,Acacías,44.575,0.0,0.0,0.0
2026-01-01,Meta,Granada,44.575,0.030882,0.01711641120954842,0.013765588790451581
2026-01-01,Meta,Puerto López,44.575,0.0,0.0005467116082744075,0.0005467116082744075
2026-01-01,Meta,Villavicencio,44.575,6.399106,4.3200951653738535,2.079010834626146
2026-01-01,Nariño,Nariño,0.0,0.0,0.0022404998815974556,0.0022404998815974556
2026-01-01,Nariño,Ipiales,0.0,0.011562,0.01366816094568341,0.002106160945683411
2026-01-01,Nariño,Pasto,0.0,0.081195,0.08723717066758774,0.006042170667587735
2026-01-01,Nariño,Tumaco,0.0,0.026706,0.016122351575244682,0.010583648424755319
2026-01-01,Nariño,Tuquerres,0.0,0.003083,0.016122351575244682,0.013039351575244683
2026-01-01,Norte de Santander,Norte de Santander,0.0,0.0,0.0004026142013689178,0.0004026142013689178
2026-01-01,Norte de Santander,Cucutá,0.0,0.0,0.0,0.0
2026-01-01,Norte de Santander,Ocaña,0.0,0.0,0.0004026142013689178,0.0004026142013689178
2026-01-01,Norte de Santander,Pamplona,0.0,0.001253,0.0004026142013689178,0.0008503857986310822
2026-01-01,Norte de Santander,Villa del Rosario,0.0,0.0,0.0004026142013689178,0.0004026142013689178
2026-01-01,Putumayo,Putumayo,0.0,0.0,0.0004026142013689178,0.0004026142013689178
2026-01-01,Putumayo,Mocoa,0.25,0.061208,0.049441265397536405,0.011766734602463594
2026-01-01,Putumayo,Orito,0.25,0.000225,0.0004026142013689178,0.00017761420136891778
2026-01-01,Putumayo,Puerto Asís,0.25,0.0,0.0004026142013689178,0.0004026142013689178
2026-01-01,Quindío,Quindío,0.0,0.0,0.002846168095513756,0.002846168095513756
2026-01-01,Quindío,Armenia,9.7,0.062532,0.07659775498147436,0.01406575498147436
2026-01-01,Quindío,Calarcá,9.7,0.0,0.0,0.0
2026-01-01,Quindío,Montenegro,9.7,0.007899,0.0125970843235176,0.0046980843235176
2026-01-01,Quindío,Quimbaya,9.7,0.003931,0.002846168095513756,0.0010848319044862438
2026-01-01,Risaralda,Risaralda,0.0,0.0,0.0010784720856514426,0.0010784720856514426
2026-01-01,Risaralda,Belén de Umbría,9.4,0.0,0.0,0.0
2026-01-01,Risaralda,Dosquebradas,9.4,0.0,0.0,0.0
2026-01-01,Risaralda,Pereira,9.4,0.2495,0.41680302322889773,0.16730302322889773
2026-01-01,Risaralda,Santa Rosa de Cabal,9.4,0.0,0.0010784720856514426,0.0010784720856514426
2026-01-01,Santander,Santander,0.0,0.0,0.0010784720856514426,0.0010784720856514426
2026-01-01,Sucre,Sucre,0.0,0.0,0.002807073915801902,0.002807073915801902
2026-01-01,Sucre,Corozal,10.0,0.022292,0.02724903549759394,0.00495703549759394
2026-01-01,Sucre,San Marcos,10.0,0.005235,0.006190475945402813,0.0009554759454028132
2026-01-01,Sucre,Sincelejo,20.0,0.18268,0.21485407166647708,0.032174071666477067
2026-01-01,Sucre,Tolú,10.0,0.0,0.002807073915801902,0.002807073915801902
2026-01-01,Tolima,Tolima,0.0,0.0,0.002807073915801902,0.002807073915801902
2026-01-01,Tolima,Espinal,0.2,0.054,0.0788134338989718,0.024813433898971803
2026-01-01,Tolima,Honda,0.2,0.002036,0.0029695034128318825,0.0009335034128318824
2026-01-01,Tolima,Ibagué,0.2,0.0,0.0,0.0
2026-01-01,Tolima,Líbano,0.2,0.0,0.0,0.0
2026-01-01,Tolima,Melgar,0.2,0.027746,0.05251694704089961,0.02477094704089961
2026-01-01,Valle del Cauca,Valle del Cauca,0.0,0.0,0.0,0.0
2026-01-01,Valle del Cauca,Buenaventura,0.4,0.104117,0.12344381817815134,0.019326818178151337
2026-01-01,Valle del Cauca,Cali,0.4,1.684235,1.9912256551778618,0.30699065517786184
2026-01-01,Valle del Cauca,Cartago,0.4,0.110602,0.13504996725611582,0.02444796725611581
2026-01-01,Valle del Cauca,Palmira,0.4,0.693174,0.8515397456363607,0.15836574563636074
2026-01-01,Valle del Cauca,Tuluá,0.4,0.0,0.0,0.0
2026-01-12,Antioquia,Antioquia,0.0,0.0,0.0,0.0
2026-01-12,Arauca,Arauca,0.0,0.0,0.0,0.0
2026-01-12,Atlántico,Atlántico,0.0,0.0,0.0,0.0
2026-01-12,Bogotá,Bogotá,0.0,0.0,0.0,0.0
2026-01-12,Bogotá,Bogotá (municipio),0.0,0.0,0.0,0.0
2026-01-12,Bolívar,Bolívar,0.0,0.0,0.0,0.0
2026-01-12,Bolívar,Cartagena,0.0,0.0,0.0,0.0
2026-01-12,Bolívar,El Carmen de Bolívar,0.0,0.0,0.0012351607043836275,0.0012351607043836275
2026-01-12,Bolívar,Magangué,0.0,0.0,0.008159550488202523,0.008159550488202523
2026-01-12,Bolívar,Turbaco,0.0,0.0,0.011169673021030193,0.011169673021030193
2026-01-12,Boyacá,Boyacá,0.0,0.0,0.0,0.0
2026-01-12,Boyacá,Chiquinquira,4.5,0.019653,0.015905901455639058,0.0037470985443609425
2026-01-12,Boyacá,Duitama,4.5,0.063491,0.04419179581214106,0.019299204187858944
2026-01-12,Boyacá,Puerto Boyacá,4.5,0.0,0.008888709857893895,0.008888709857893895
2026-01-12,Boyacá,Sogamoso,4.5,0.554106,0.4497684761538407,0.1043375238461593
2026-01-12,Caldas,Caldas,0.0,0.0,0.0,0.0
2026-01-12,Caldas,Chinchiná,11.35,0.0,0.0,0.0
2026-01-12,Caldas,La Dorada,11.35,0.020285,0.008159550488202523,0.012125449511797478
2026-01-12,Caldas,Manizales,11.35,0.939841,0.8256144244855469,0.11422657551445314
2026-01-12,Caldas,Riosucio,11.35,0.0,0.014896440910434704,0.014896440910434704
2026-01-12,Caldas,Villamaría,11.35,0.0,0.020167802642475308,0.020167802642475308
2026-01-12,Caquetá,Caquetá,0.0,0.0,0.0,0.0
2026-01-12,Caquetá,Belén de los Andaquíes,0.0,0.0,0.0,0.0
2026-01-12,Caquetá,Florencia,0.0,0.007557,0.0012351607043836275,0.006321839295616373
2026-01-12,Caquetá,San Vicente del Caguán,0.0,0.0,0.014896440910434704,0.014896440910434704
2026-01-12,Casanare,Casanare,0.0,0.0,0.0,0.0
2026-01-12,Casanare,Aguazul,0.0,0.018879,0.023258560074596365,0.004379560074596365
2026-01-12,Casanare,Paz de Ariporo,0.0,0.0,0.008888709857893895,0.008888709857893895
2026-01-12,Casanare,Tauramena,0.0,0.442015,0.5914395994664772,0.14942459946647718
2026-01-12,Casanare,Yopal,0.0,0.085243,0.09348763302280955,0.008244633022809547
2026-01-12,Cauca,Cauca,0.0,0.0,0.0,0.0
2026-01-12,Cauca,Patía,21.0,0.0,0.008888709857893895,0.008888709857893895
2026-01-12,Cauca,Popayán,21.0,0.0,0.008888709857893895,0.008888709857893895
2026-01-12,Cauca,Puerto Tejada,21.0,0.20327,0.014896440910434704,0.1883735590895653
2026-01-12,Cauca,Santander de Quilichao,21.0,0.0,0.008888709857893895,0.008888709857893895
2026-01-12,Cesar,Cesar,0.0,0.0,0.0,0.0
2026-01-12,Cesar,Aguachica,0.0,0.019297,0.022847000910473803,0.0035500009104738016
2026-01-12,Cesar,Agustín Codazzi,0.0,0.0,0.0,0.0
2026-01-12,Cesar,Bosconia,0.0,0.004122,0.0048716290701106635,0.0007496290701106637
2026-01-12,Cesar,Valledupar,0.0,0.178128,0.12811258643140258,0.05001541356859743
2026-01-12,Chocó,Chocó,0.0,0.0,0.0,0.0
2026-01-12,Chocó,Bahía Solano,6.8,0.0,0.0,0.0
2026-01-12,Chocó,El Carmén,6.8,0.0,0.0012351607043836275,0.0012351607043836275
2026-01-12,Chocó,Itsmina,6.8,0.0,0.0012351607043836275,0.0012351607043836275
2026-01-12,Chocó,Quibdó,6.1,0.0,0.014896440910434704,0.014896440910434704
2026-01-12,Cundinamarca,Cundinamarca,0.0,0.0,0.0,0.0
2026-01-12,Cundinamarca,Chía,0.0,0.0,0.0,0.0
2026-01-12,Cundinamarca,Facatativá,0.0,0.0,0.0012351607043836275,0.0012351607043836275
2026-01-12,Cundinamarca,Fusagasugá,0.0,0.0,0.0012351607043836275,0.0012351607043836275
2026-01-12,Cundinamarca,Soacha,0.0,0.427991,0.4497684761538407,0.02177747615384068
2026-01-12,Cundinamarca,Zipaquirá,0.0,0.0,0.0,0.0
2026-01-12,Córdoba,Córdoba,0.0,0.0,0.0,0.0
2026-01-12,Córdoba,Cereté,3.2,0.0,0.0,0.0
2026-01-12,Córdoba,Lorica,3.2,0.022909,0.008159550488202523,0.014749449511797475
2026-01-12,Córdoba,Montelibano,3.2,3.316328,3.4709350831018844,0.15460708310188442
2026-01-12,Córdoba,Montería,3.2,0.0,0.008888709857893895,0.008888709857893895
2026-01-12,Córdoba,Sahagún,3.2,0.0,0.014896440910434704,0.014896440910434704
2026-01-12,Huila,Huila,0.0,0.0,0.0012351607043836275,0.0012351607043836275
2026-01-12,Huila,Garzón,2.1,0.0,0.0012351607043836275,0.0012351607043836275
2026-01-12,Huila,La Plata,2.1,0.000652,0.008159550488202523,0.0075075504882025235
2026-01-12,Huila,Neiva,2.1,0.168399,0.2512459490693344,0.0828469490693344
2026-01-12,Huila,Pitalito,2.1,0.016796,0.2512459490693344,0.2344499490693344
2026-01-12,La Guajira,La Guajira,0.0,0.0,0.008159550488202523,0.008159550488202523
2026-01-12,La Guajira,Maicao,0.0,0.010515,0.008159550488202523,0.0023554495117974767
2026-01-12,La Guajira,Riohacha,0.0,0.635272,0.3514022759808056,0.28386972401919436
2026-01-12,La Guajira,San Juan del Cesar,0.0,0.0,0.010832382237350892,0.010832382237350892
2026-01-12,La Guajira,Uribia,0.0,0.002683,0.07127782493697991,0.06859482493697991
2026-01-12,Magdalena,Magdalena,0.0,0.0,0.008159550488202523,0.008159550488202523
2026-01-12,Magdalena,Ciénaga,0.0,0.0,0.0,0.0
2026-01-12,Magdalena,El Banco,0.0,0.00295,0.0012351607043836275,0.0017148392956163724
2026-01-12,Magdalena,Fundación,0.0,0.0,0.0012351607043836275,0.0012351607043836275
2026-01-12,Magdalena,Santa Marta,0.0,0.51448,0.4939786154358726,0.020501384564127423
2026-01-12,Meta,Meta,0.0,0.0,0.0,0.0
2026-01-12,Meta,Acacías,29.7,0.0,0.0,0.0
2026-01-12,Meta,Granada,29.7,0.031637,0.01711641120954842,0.01452058879045158
2026-01-12,Meta,Puerto López,29.7,0.0,0.0005467116082744075,0.0005467116082744075
2026-01-12,Meta,Villavicencio,29.7,6.555636,4.289108702061208,2.266527297938792
2026-01-12,Nariño,Nariño,0.0,0.0,0.0022404998815974556,0.0022404998815974556
2026-01-12,Nariño,Ipiales,1.7,0.012729,0.01366816094568341,0.0009391609456834097
2026-01-12,Nariño,Pasto,1.7,0.089387,0.08723717066758774,0.0021498293324122564
2026-01-12,Nariño,Tumaco,1.7,0.029401,0.016122351575244682,0.013278648424755318
2026-01-12,Nariño,Tuquerres,1.7,0.003394,0.016122351575244682,0.012728351575244682
2026-01-12,Norte de Santander,Norte de Santander,0.0,0.0,0.0004026142013689178,0.0004026142013689178
2026-01-12,Norte de Santander,Cucutá,8.066666666666666,0.0,0.0,0.0
2026-01-12,Norte de Santander,Ocaña,8.066666666666666,0.0,0.0004026142013689178,0.0004026142013689178
2026-01-12,Norte de Santander,Pamplona,8.066666666666666,0.001839,0.0004026142013689178,0.0014363857986310821
2026-01-12,Norte de Santander,Villa del Rosario,8.066666666666666,0.0,0.0004026142013689178,0.0004026142013689178
2026-01-12,Putumayo,Putumayo,0.0,0.0,0.0004026142013689178,0.0004026142013689178
2026-01-12,Putumayo,Mocoa,11.5,0.06024,0.049441265397536405,0.010798734602463597
2026-01-12,Putumayo,Orito,11.5,0.000222,0.0004026142013689178,0.00018061420136891777
2026-01-12,Putumayo,Puerto Asís,11.5,0.0,0.0004026142013689178,0.0004026142013689178
2026-01-12,Quindío,Quindío,0.0,0.0,0.002846168095513756,0.002846168095513756
2026-01-12,Quindío,Armenia,7.6,0.07957,0.07684516506054266,0.0027248349394573407
2026-01-12,Quindío,Calarcá,7.6,0.0,0.0,0.0
2026-01-12,Quindío,Montenegro,7.6,0.010051,0.0125970843235176,0.0025460843235176004
2026-01-12,Quindío,Quimbaya,7.6,0.005002,0.002846168095513756,0.0021558319044862446
2026-01-12,Risaralda,Risaralda,0.0,0.0,0.0010784720856514426,0.0010784720856514426
2026-01-12,Risaralda,Belén de Umbría,20.95,0.0,0.0,0.0
2026-01-12,Risaralda,Dosquebradas,20.95,0.0,0.0,0.0
2026-01-12,Risaralda,Pereira,20.95,0.432453,0.41680302322889773,0.015649976771102247
2026-01-12,Risaralda,Santa Rosa de Cabal,20.95,0.0,0.0010784720856514426,0.0010784720856514426
2026-01-12,Santander,Santander,0.0,0.0,0.0010784720856514426,0.0010784720856514426
2026-01-12,Sucre,Sucre,0.0,0.0,0.002807073915801902,0.002807073915801902
2026-01-12,Sucre,Corozal,1.1,0.024437,0.02724903549759394,0.002812035497593939
2026-01-12,Sucre,San Marcos,1.1,0.005739,0.006190475945402813,0.0004514759454028131
2026-01-12,Sucre,Sincelejo,0.0,0.200257,0.21485407166647708,0.014597071666477085
2026-01-12,Sucre,Tolú,1.1,0.0,0.002807073915801902,0.002807073915801902
2026-01-12,Tolima,Tolima,0.0,0.0,0.002807073915801902,0.002807073915801902
2026-01-12,Tolima,Espinal,39.93333333333333,0.083292,0.0788134338989718,0.004478566101028203
2026-01-12,Tolima,Honda,39.93333333333333,0.00314,0.0029695034128318825,0.00017049658716811753
2026-01-12,Tolima,Ibagué,39.93333333333333,0.0,0.0,0.0
2026-01-12,Tolima,Líbano,39.93333333333333,0.0,0.0,0.0
2026-01-12,Tolima,Melgar,39.93333333333333,0.042796,0.05251694704089961,0.00972094704089961
2026-01-12,Valle del Cauca,Valle del Cauca,0.0,0.0,0.0,0.0
2026-01-12,Valle del Cauca,Buenaventura,3.5,0.131113,0.12947791104858622,0.0016350889514137878
2026-01-12,Valle del Cauca,Cali,3.5,2.120932,2.093990641700502,0.026941358299497953
2026-01-12,Valle del Cauca,Cartago,3.5,0.139279,0.13939435187089308,0.0001153518708930934
2026-01-12,Valle del Cauca,Palmira,3.5,0.872904,0.8693361483996769,0.0035678516003231353
2026-01-12,Valle del Cauca,Tuluá,3.5,0.0,0.0,0.0
2026-03-23,Antioquia,Antioquia,0.0,0.0,0.0,0.0
2026-03-23,Antioquia,Bello,0.0,0.258997,0.2306423272378469,0.028354672762153088
2026-03-23,Antioquia,Envigado,0.0,0.252678,0.23040608439991064,0.02227191560008937
2026-03-23,Antioquia,Medellín,0.0,1.977141,1.774968661850057,0.20217233814994295
2026-03-23,Antioquia,Rionegro,0.0,0.4313,0.3891532934464896,0.04214670655351044
2026-03-23,Arauca,Arauca,0.0,0.0,0.0,0.0
2026-03-23,Arauca,Arauca (municipio),0.0,0.0,0.0,0.0
2026-03-23,Arauca,Saravena,0.0,0.004812,0.0037904030931086193,0.001021596906891381
2026-03-23,Arauca,Tame,0.0,0.005724,0.022790861256947403,0.017066861256947403
2026-03-23,Atlántico,Atlántico,0.0,0.0,0.0,0.0
2026-03-23,Atlántico,Barranquilla,0.0,2.226225,2.115315377911031,0.1109096220889687
2026-03-23,Atlántico,Sabanalarga,0.0,0.0,0.00014221288266187264,0.00014221288266187264
2026-03-23,Atlántico,Soledad,0.0,0.274832,0.2774091049416791,0.002577104941679065
2026-03-23,Bogotá,Bogotá,0.0,0.0,0.0,0.0
2026-03-23,Bogotá,Bogotá (municipio),0.0,0.0,0.0,0.0
2026-03-23,Bolívar,Bolívar,0.0,0.0,0.0,0.0
2026-03-23,Bolívar,El Carmen de Bolívar,0.0,0.0,0.0012351607043836275,0.0012351607043836275
2026-03-23,Bolívar,Magangué,0.0,0.0,0.008159550488202523,0.008159550488202523
2026-03-23,Bolívar,Turbaco,0.0,0.0,0.011169673021030193,0.011169673021030193
2026-03-23,Boyacá,Boyacá,0.0,0.0,0.0,0.0
2026-03-23,Boyacá,Chiquinquira,4.05,0.009892,0.017085816559547023,0.007193816559547024
2026-03-23,Boyacá,Duitama,4.05,0.031957,0.05652392948942141,0.024566929489421407
2026-03-23,Boyacá,Puerto Boyacá,4.05,0.0,0.008888709857893895,0.008888709857893895
2026-03-23,Boyacá,Sogamoso,4.05,0.278898,0.4497684761538407,0.1708704761538407
2026-03-23,Boyacá,Tunja,0.0,0.025098,0.02125953400618035,0.0038384659938196473
2026-03-23,Caldas,Caldas,0.0,0.0,0.0,0.0
2026-03-23,Caldas,Chinchiná,16.25,0.0,0.0,0.0
2026-03-23,Caldas,La Dorada,16.25,0.021346,0.008159550488202523,0.013186449511797477
2026-03-23,Caldas,Manizales,16.25,0.989003,0.885062697984538,0.103940302015462
2026-03-23,Caldas,Riosucio,16.25,0.0,0.014896440910434704,0.014896440910434704
2026-03-23,Caldas,Villamaría,16.25,0.0,0.020167802642475308,0.020167802642475308
2026-03-23,Caquetá,Caquetá,0.0,0.0,0.0,0.0
2026-03-23,Caquetá,Belén de los Andaquíes,0.0,0.0,0.0,0.0
2026-03-23,Caquetá,Florencia,0.0,0.011654,0.0012351607043836275,0.010418839295616373
2026-03-23,Caquetá,San Vicente del Caguán,0.0,0.0,0.014896440910434704,0.014896440910434704
2026-03-23,Casanare,Casanare,0.0,0.0,0.0,0.0
2026-03-23,Casanare,Aguazul,0.0,0.023545,0.023258560074596365,0.0002864399254036351
2026-03-23,Casanare,Paz de Ariporo,0.0,0.0,0.008888709857893895,0.008888709857893895
2026-03-23,Casanare,Tauramena,0.0,0.551258,0.5914395994664772,0.04018159946647715
2026-03-23,Casanare,Yopal,0.0,0.106311,0.10235374274578701,0.00395725725421299
2026-03-23,Cauca,Cauca,0.0,0.0,0.0,0.0
2026-03-23,Cesar,Cesar,0.0,0.0,0.0,0.0
2026-03-23,Cesar,Aguachica,18.5,0.018488,0.022847000910473803,0.004359000910473802
2026-03-23,Cesar,Agustín Codazzi,18.5,0.0,0.0,0.0
2026-03-23,Cesar,Bosconia,18.5,0.003949,0.0048716290701106635,0.0009226290701106633
2026-03-23,Cesar,Valledupar,18.5,0.170666,0.12811258643140258,0.04255341356859743
2026-03-23,Chocó,Chocó,0.0,0.0,0.0,0.0
2026-03-23,Chocó,Bahía Solano,27.575,0.0,0.0,0.0
2026-03-23,Chocó,El Carmén,27.575,0.0,0.0012351607043836275,0.0012351607043836275
2026-03-23,Chocó,Itsmina,27.575,0.0,0.0012351607043836275,0.0012351607043836275
2026-03-23,Chocó,Quibdó,0.65,0.0,0.014896440910434704,0.014896440910434704
2026-03-23,Cundinamarca,Cundinamarca,0.0,0.0,0.0,0.0
2026-03-23,Cundinamarca,Chía,0.0,0.0,0.0,0.0
2026-03-23,Cundinamarca,Facatativá,0.0,0.0,0.0012351607043836275,0.0012351607043836275
2026-03-23,Cundinamarca,Fusagasugá,0.0,0.0,0.0012351607043836275,0.0012351607043836275
2026-03-23,Cundinamarca,Soacha,0.0,0.412839,0.4497684761538407,0.03692947615384068
2026-03-23,Cundinamarca,Zipaquirá,0.0,0.0,0.0,0.0
2026-03-23,Córdoba,Córdoba,0.0,0.0,0.0,0.0
2026-03-23,Córdoba,Cereté,0.55,0.0,0.0,0.0
2026-03-23,Córdoba,Lorica,0.55,0.024817,0.008159550488202523,0.016657449511797477
2026-03-23,Córdoba,Montelibano,0.55,3.592583,3.470308944194222,0.12227405580577777
2026-03-23,Córdoba,Montería,0.55,0.0,0.008888709857893895,0.008888709857893895
2026-03-23,Córdoba,Sahagún,0.55,0.0,0.014896440910434704,0.014896440910434704
2026-03-23,Huila,Huila,0.0,0.0,0.0012351607043836275,0.0012351607043836275
2026-03-23,Huila,Garzón,5.8,0.0,0.0012351607043836275,0.0012351607043836275
2026-03-23,Huila,La Plata,5.8,0.000732,0.008159550488202523,0.007427550488202523
2026-03-23,Huila,Neiva,5.8,0.189199,0.2512459490693344,0.06204694906933439
2026-03-23,Huila,Pitalito,5.8,0.018871,0.2512459490693344,0.2323749490693344
2026-03-23,La Guajira,La Guajira,0.0,0.0,0.008159550488202523,0.008159550488202523
2026-03-23,La Guajira,Maicao,0.0,0.007831,0.008159550488202523,0.0003285504882025239
2026-03-23,La Guajira,Riohacha,0.0,0.473089,0.3514022759808056,0.12168672401919439
2026-03-23,La Guajira,San Juan del Cesar,0.0,0.0,0.010832382237350892,0.010832382237350892
2026-03-23,La Guajira,Uribia,0.0,0.001998,0.07127782493697991,0.06927982493697991
2026-03-23,Magdalena,Magdalena,0.0,0.0,0.008159550488202523,0.008159550488202523
2026-03-23,Magdalena,Ciénaga,30.0,0.0,0.0,0.0
2026-03-23,Magdalena,El Banco,30.0,0.003207,0.0012351607043836275,0.001971839295616373
2026-03-23,Magdalena,Fundación,30.0,0.0,0.0012351607043836275,0.0012351607043836275
2026-03-23,Magdalena,Santa Marta,30.0,0.55927,0.4530976340251565,0.10617236597484353
2026-03-23,Meta,Meta,0.0,0.0,0.0,0.0
2026-03-23,Meta,Acacías,0.0,0.0,0.0,0.0
2026-03-23,Meta,Granada,0.0,0.030739,0.01711641120954842,0.01362258879045158
2026-03-23,Meta,Puerto López,0.0,0.0,0.0005467116082744075,0.0005467116082744075
2026-03-23,Meta,Villavicencio,0.0,6.369504,4.193925936330849,2.1755780636691506
2026-03-23,Nariño,Nariño,0.0,0.0,0.0022404998815974556,0.0022404998815974556
2026-03-23,Nariño,Ipiales,2.4000000000000004,0.011892,0.01366816094568341,0.0017761609456834106
2026-03-23,Nariño,Pasto,2.4000000000000004,0.083508,0.08723717066758774,0.003729170667587739
2026-03-23,Nariño,Tumaco,2.4000000000000004,0.027467,0.016122351575244682,0.011344648424755317
2026-03-23,Nariño,Tuquerres,2.4000000000000004,0.003171,0.016122351575244682,0.012951351575244682
2026-03-23,Norte de Santander,Norte de Santander,0.0,0.0,0.0004026142013689178,0.0004026142013689178
2026-03-23,Norte de Santander,Cucutá,5.375,0.0,0.0,0.0
2026-03-23,Norte de Santander,Ocaña,5.375,0.0,0.0004026142013689178,0.0004026142013689178
2026-03-23,Norte de Santander,Pamplona,5.375,0.00206,0.0004026142013689178,0.0016573857986310824
2026-03-23,Norte de Santander,Villa del Rosario,5.375,0.0,0.0004026142013689178,0.0004026142013689178
2026-03-23,Putumayo,Putumayo,0.0,0.0,0.0004026142013689178,0.0004026142013689178
2026-03-23,Putumayo,Mocoa,10.933333333333332,0.076104,0.049441265397536405,0.0266627346024636
2026-03-23,Putumayo,Orito,10.933333333333332,0.00028,0.0004026142013689178,0.0001226142013689178
2026-03-23,Putumayo,Puerto Asís,10.933333333333332,0.0,0.0004026142013689178,0.0004026142013689178
2026-03-23,Quindío,Quindío,0.0,0.0,0.002846168095513756,0.002846168095513756
2026-03-23,Quindío,Armenia,6.9,0.072341,0.07687592974092214,0.004534929740922136
2026-03-23,Quindío,Calarcá,6.9,0.0,0.0,0.0
2026-03-23,Quindío,Montenegro,6.9,0.009138,0.0125970843235176,0.0034590843235175993
2026-03-23,Quindío,Quimbaya,6.9,0.004548,0.002846168095513756,0.0017018319044862442
2026-03-23,Risaralda,Risaralda,0.0,0.0,0.0010784720856514426,0.0010784720856514426
2026-03-23,Risaralda,Belén de Umbría,23.25,0.0,0.0,0.0
2026-03-23,Risaralda,Dosquebradas,23.25,0.0,0.0,0.0
2026-03-23,Risaralda,Pereira,23.25,0.448793,0.41680302322889773,0.03198997677110227
2026-03-23,Risaralda,Santa Rosa de Cabal,23.25,0.0,0.0010784720856514426,0.0010784720856514426
2026-03-23,Santander,Santander,0.0,0.0,0.0010784720856514426,0.0010784720856514426
2026-03-23,Sucre,Sucre,0.0,0.0,0.002807073915801902,0.002807073915801902
2026-03-23,Sucre,Corozal,0.0,0.025057,0.02724903549759394,0.00219203549759394
2026-03-23,Sucre,San Marcos,0.0,0.005885,0.006190475945402813,0.0003054759454028137
2026-03-23,Sucre,Tolú,0.0,0.0,0.002807073915801902,0.002807073915801902
2026-03-23,Tolima,Tolima,0.0,0.0,0.002807073915801902,0.002807073915801902
2026-03-23,Tolima,Espinal,15.55,0.114008,0.0788134338989718,0.035194566101028196
2026-03-23,Tolima,Honda,15.55,0.004298,0.0029695034128318825,0.0013284965871681173
2026-03-23,Tolima,Ibagué,15.55,0.0,0.0,0.0
2026-03-23,Tolima,Líbano,15.55,0.0,0.0,0.0
2026-03-23,Tolima,Melgar,15.55,0.058578,0.05251694704089961,0.006061052959100387
2026-03-23,Valle del Cauca,Valle del Cauca,0.0,0.0,0.0,0.0
2026-03-23,Valle del Cauca,Buenaventura,2.5,0.137073,0.13001112717232488,0.00706187282767512
2026-03-23,Valle del Cauca,Cali,2.5,2.217334,2.1184912100240645,0.09884278997593565
2026-03-23,Valle del Cauca,Cartago,2.5,0.14561,0.13963246076733557,0.0059775392326644194
2026-03-23,Valle del Cauca,Palmira,2.5,0.91258,0.8706193293735612,0.04196067062643871
2026-03-23,Valle del Cauca,Tuluá,2.5,0.0,0.0,0.0
2026-04-02,Antioquia,Antioquia,0.0,0.0,0.0,0.0
2026-04-02,Antioquia,Bello,2.0,0.229401,0.21844524573117297,0.010955754268827028
2026-04-02,Antioquia,Envigado,2.0,0.223805,0.2183357247308436,0.005469275269156415
2026-04-02,Antioquia,Medellín,2.0,1.75121,1.7004316823142083,0.05077831768579166
2026-04-02,Antioquia,Rionegro,2.0,0.382014,0.3693695723528485,0.012644427647151513
2026-04-02,Arauca,Arauca,0.0,0.0,0.0,0.0
2026-04-02,Arauca,Arauca (municipio),2.0,0.0,0.0,0.0
2026-04-02,Arauca,Saravena,2.0,0.004814,0.0037398882617492636,0.0010741117382507361
2026-04-02,Arauca,Tame,2.0,0.005726,0.022753355710592192,0.01702735571059219
2026-04-02,Atlántico,Atlántico,0.0,0.0,0.0,0.0
2026-04-02,Atlántico,Barranquilla,2.0,2.13151,2.014028886694854,0.11748111330514588
2026-04-02,Atlántico,Sabanalarga,2.0,0.0,0.00014221288266187264,0.00014221288266187264
2026-04-02,Atlántico,Soledad,2.0,0.263139,0.2772591967541791,0.014120196754179082
2026-04-02,Bogotá,Bogotá,0.0,0.0,0.0,0.0
2026-04-02,Bogotá,Bogotá (municipio),0.0,0.0,0.0,0.0
2026-04-02,Bolívar,Bolívar,0.0,0.0,0.0,0.0
2026-04-02,Bolívar,El Carmen de Bolívar,0.0,0.0,0.0012351607043836275,0.0012351607043836275
2026-04-02,Bolívar,Magangué,0.0,0.0,0.008159550488202523,0.008159550488202523
2026-04-02,Bolívar,Turbaco,0.0,0.0,0.011169673021030193,0.011169673021030193
2026-04-02,Boyacá,Boyacá,0.0,0.0,0.0,0.0
2026-04-02,Boyacá,Chiquinquira,0.2,0.009081,0.017085816559547023,0.008004816559547023
2026-04-02,Boyacá,Duitama,0.2,0.029336,0.056641181049890514,0.027305181049890513
2026-04-02,Boyacá,Puerto Boyacá,0.2,0.0,0.008888709857893895,0.008888709857893895
2026-04-02,Boyacá,Sogamoso,0.2,0.256027,0.4497684761538407,0.19374147615384069
2026-04-02,Boyacá,Tunja,0.0,0.02304,0.02125953400618035,0.00178046599381965
2026-04-02,Caldas,Caldas,0.0,0.0,0.0,0.0
2026-04-02,Caldas,Chinchiná,0.0,0.0,0.0,0.0
2026-04-02,Caldas,La Dorada,0.0,0.018877,0.008159550488202523,0.010717449511797478
2026-04-02,Caldas,Manizales,0.0,0.874596,0.8936484833902021,0.019052483390202046
2026-04-02,Caldas,Riosucio,0.0,0.0,0.014896440910434704,0.014896440910434704
2026-04-02,Caldas,Villamaría,0.0,0.0,0.020167802642475308,0.020167802642475308
2026-04-02,Caquetá,Caquetá,0.0,0.0,0.0,0.0
2026-04-02,Caquetá,Belén de los Andaquíes,0.0,0.0,0.0,0.0
2026-04-02,Caquetá,Florencia,0.0,0.007435,0.0012351607043836275,0.006199839295616372
2026-04-02,Caquetá,San Vicente del Caguán,0.0,0.0,0.014896440910434704,0.014896440910434704
2026-04-02,Casanare,Casanare,0.0,0.0,0.0,0.0
2026-04-02,Casanare,Aguazul,12.166666666666666,0.021271,0.023258560074596365,0.001987560074596363
2026-04-02,Casanare,Paz de Ariporo,12.166666666666666,0.0,0.008888709857893895,0.008888709857893895
2026-04-02,Casanare,Tauramena,12.166666666666666,0.498021,0.5914395994664772,0.09341859946647718
2026-04-02,Casanare,Yopal,8.95,0.096044,0.10414069347791967,0.008096693477919664
2026-04-02,Cauca,Cauca,0.0,0.0,0.0,0.0
2026-04-02,Cauca,Patía,7.0,0.0,0.008888709857893895,0.008888709857893895
2026-04-02,Cauca,Popayán,7.0,0.0,0.008888709857893895,0.008888709857893895
2026-04-02,Cauca,Puerto Tejada,7.0,0.130766,0.014896440910434704,0.11586955908956528
2026-04-02,Cauca,Santander de Quilichao,7.0,0.0,0.008888709857893895,0.008888709857893895
2026-04-02,Cesar,Cesar,0.0,0.0,0.0,0.0
2026-04-02,Cesar,Aguachica,0.0,0.019339,0.022847000910473803,0.0035080009104738047
2026-04-02,Cesar,Agustín Codazzi,0.0,0.0,0.0,0.0
2026-04-02,Cesar,Bosconia,0.0,0.004131,0.0048716290701106635,0.0007406290701106634
2026-04-02,Cesar,Valledupar,0.0,0.178521,0.12811258643140258,0.05040841356859743
2026-04-02,Chocó,Chocó,0.0,0.0,0.0,0.0
2026-04-02,Chocó,Bahía Solano,0.0,0.0,0.0,0.0
2026-04-02,Chocó,El Carmén,0.0,0.0,0.0012351607043836275,0.0012351607043836275
2026-04-02,Chocó,Itsmina,0.0,0.0,0.0012351607043836275,0.0012351607043836275
2026-04-02,Chocó,Quibdó,0.0,0.0,0.014896440910434704,0.014896440910434704
2026-04-02,Cundinamarca,Cundinamarca,0.0,0.0,0.0,0.0
2026-04-02,Cundinamarca,Chía,0.0,0.0,0.0,0.0
2026-04-02,Cundinamarca,Facatativá,0.0,0.0,0.0012351607043836275,0.0012351607043836275
2026-04-02,Cundinamarca,Fusagasugá,0.0,0.0,0.0012351607043836275,0.0012351607043836275
2026-04-02,Cundinamarca,Soacha,0.0,0.348347,0.4497684761538407,0.10142147615384067
2026-04-02,Cundinamarca,Zipaquirá,0.0,0.0,0.0,0.0
2026-04-02,Córdoba,Córdoba,0.0,0.0,0.0,0.0
2026-04-02,Córdoba,Cereté,0.0,0.0,0.0,0.0
2026-04-02,Córdoba,Lorica,0.0,0.023591,0.008159550488202523,0.015431449511797478
2026-04-02,Córdoba,Montelibano,0.0,3.415022,3.586960205897893,0.17193820589789288
2026-04-02,Córdoba,Montería,0.0,0.0,0.008888709857893895,0.008888709857893895
2026-04-02,Córdoba,Sahagún,0.0,0.0,0.014896440910434704,0.014896440910434704
2026-04-02,Huila,Huila,0.0,0.0,0.0012351607043836275,0.0012351607043836275
2026-04-02,Huila,Garzón,0.0,0.0,0.0012351607043836275,0.0012351607043836275
2026-04-02,Huila,La Plata,0.0,0.000724,0.008159550488202523,0.0074355504882025235
2026-04-02,Huila,Neiva,0.0,0.18718,0.2512459490693344,0.06406594906933438
2026-04-02,Huila,Pitalito,0.0,0.018669,0.2512459490693344,0.2325769490693344
2026-04-02,La Guajira,La Guajira,0.0,0.0,0.008159550488202523,0.008159550488202523
2026-04-02,La Guajira,Maicao,0.0,0.009823,0.008159550488202523,0.0016634495117974768
2026-04-02,La Guajira,Riohacha,0.0,0.593462,0.3514022759808056,0.24205972401919446
2026-04-02,La Guajira,San Juan del Cesar,0.0,0.0,0.010832382237350892,0.010832382237350892
2026-04-02,La Guajira,Uribia,0.0,0.002506,0.07127782493697991,0.06877182493697992
2026-04-02,Magdalena,Magdalena,0.0,0.0,0.008159550488202523,0.008159550488202523
2026-04-02,Magdalena,Ciénaga,0.0,0.0,0.0,0.0
2026-04-02,Magdalena,El Banco,0.0,0.003156,0.0012351607043836275,0.0019208392956163724
2026-04-02,Magdalena,Fundación,0.0,0.0,0.0012351607043836275,0.0012351607043836275
2026-04-02,Magdalena,Santa Marta,0.0,0.550373,0.4670753541828475,0.08329764581715249
2026-04-02,Meta,Meta,0.0,0.0,0.0,0.0
2026-04-02,Meta,Acacías,10.575,0.0,0.0,0.0
2026-04-02,Meta,Granada,10.575,0.029355,0.01711641120954842,0.01223858879045158
2026-04-02,Meta,Puerto López,10.575,0.0,0.0005467116082744075,0.0005467116082744075
2026-04-02,Meta,Villavicencio,10.575,6.082655,4.304930050287594,1.7777249497124057
2026-04-02,Nariño,Nariño,0.0,0.0,0.0022404998815974556,0.0022404998815974556
2026-04-02,Nariño,Ipiales,7.55,0.011856,0.01366816094568341,0.0018121609456834102
2026-04-02,Nariño,Pasto,7.55,0.08326,0.08723717066758774,0.003977170667587737
2026-04-02,Nariño,Tumaco,7.55,0.027385,0.016122351575244682,0.011262648424755318
2026-04-02,Nariño,Tuquerres,7.55,0.003161,0.016122351575244682,0.012961351575244681
2026-04-02,Norte de Santander,Norte de Santander,0.0,0.0,0.0004026142013689178,0.0004026142013689178
2026-04-02,Norte de Santander,Cucutá,2.1666666666666665,0.0,0.0,0.0
2026-04-02,Norte de Santander,Ocaña,2.1666666666666665,0.0,0.0004026142013689178,0.0004026142013689178
2026-04-02,Norte de Santander,Pamplona,2.1666666666666665,0.001813,0.0004026142013689178,0.0014103857986310822
2026-04-02,Norte de Santander,Villa del Rosario,2.1666666666666665,0.0,0.0004026142013689178,0.0004026142013689178
2026-04-02,Putumayo,Putumayo,0.0,0.0,0.0004026142013689178,0.0004026142013689178
2026-04-02,Putumayo,Mocoa,3.35,0.059984,0.049441265397536405,0.010542734602463598
2026-04-02,Putumayo,Orito,3.35,0.000221,0.0004026142013689178,0.00018161420136891777
2026-04-02,Putumayo,Puerto Asís,3.35,0.0,0.0004026142013689178,0.0004026142013689178
2026-04-02,Quindío,Quindío,0.0,0.0,0.002846168095513756,0.002846168095513756
2026-04-02,Quindío,Armenia,0.0,0.076461,0.08020224422569402,0.0037412442256940237
2026-04-02,Quindío,Calarcá,0.0,0.0,0.0,0.0
2026-04-02,Quindío,Montenegro,0.0,0.009658,0.0125970843235176,0.0029390843235175997
2026-04-02,Quindío,Quimbaya,0.0,0.004807,0.002846168095513756,0.001960831904486244
2026-04-02,Risaralda,Risaralda,0.0,0.0,0.0010784720856514426,0.0010784720856514426
2026-04-02,Risaralda,Belén de Umbría,0.0,0.0,0.0,0.0
2026-04-02,Risaralda,Dosquebradas,0.0,0.0,0.0,0.0
2026-04-02,Risaralda,Pereira,0.0,0.483197,0.41680302322889773,0.06639397677110226
2026-04-02,Risaralda,Santa Rosa de Cabal,0.0,0.0,0.0010784720856514426,0.0010784720856514426
2026-04-02,Santander,Santander,0.0,0.0,0.0010784720856514426,0.0010784720856514426
2026-04-02,Sucre,Sucre,0.0,0.0,0.002807073915801902,0.002807073915801902
2026-04-02,Sucre,Corozal,0.0,0.024799,0.02724903549759394,0.002450035497593938
2026-04-02,Sucre,San Marcos,0.0,0.005824,0.006190475945402813,0.0003664759454028131
2026-04-02,Sucre,Tolú,0.0,0.0,0.002807073915801902,0.002807073915801902
2026-04-02,Tolima,Tolima,0.0,0.0,0.002807073915801902,0.002807073915801902
2026-04-02,Tolima,Espinal,3.0,0.107531,0.0788134338989718,0.0287175661010282
2026-04-02,Tolima,Honda,3.0,0.004054,0.0029695034128318825,0.0010844965871681178
2026-04-02,Tolima,Ibagué,3.0,0.0,0.0,0.0
2026-04-02,Tolima,Líbano,3.0,0.0,0.0,0.0
2026-04-02,Tolima,Melgar,3.0,0.05525,0.05251694704089961,0.002733052959100389
2026-04-02,Valle del Cauca,Valle del Cauca,0.0,0.0,0.0,0.0
2026-04-02,Valle del Cauca,Buenaventura,0.0,0.12354,0.12677397308250543,0.003233973082505434
2026-04-02,Valle del Cauca,Cali,0.0,1.998423,2.0515477227926913,0.053124722792691204
2026-04-02,Valle del Cauca,Cartago,0.0,0.131234,0.1377437973310702,0.006509797331070211
2026-04-02,Valle del Cauca,Palmira,0.0,0.822483,0.8665587349581504,0.044075734958150425
2026-04-02,Valle del Cauca,Tuluá,0.0,0.0,0.0,0.0
2026-04-03,Antioquia,Antioquia,0.0,0.0,0.0,0.0
2026-04-03,Antioquia,Bello,25.0,0.210426,0.19204561121515135,0.018380388784848656
2026-04-03,Antioquia,Envigado,25.0,0.205293,0.19138701415833317,0.01390598584166683
2026-04-03,Antioquia,Medellín,25.0,1.606363,1.564513635879574,0.04184936412042606
2026-04-03,Antioquia,Rionegro,25.0,0.350417,0.3415705616901241,0.00884643830987586
2026-04-03,Arauca,Arauca,0.0,0.0,0.0,0.0
2026-04-03,Arauca,Arauca (municipio),25.0,0.0,0.0,0.0
2026-04-03,Arauca,Saravena,25.0,0.004809,0.0037357909539921384,0.0010732090460078615
2026-04-03,Arauca,Tame,25.0,0.00572,0.022743310983397217,0.017023310983397218
2026-04-03,Atlántico,Atlántico,0.0,0.0,0.0,0.0
2026-04-03,Atlántico,Barranquilla,25.0,1.895109,1.88462712519337,0.010481874806629987
2026-04-03,Atlántico,Sabanalarga,25.0,0.0,0.00014221288266187264,0.00014221288266187264
2026-04-03,Atlántico,Soledad,25.0,0.233955,0.27667058055305493,0.04271558055305494
2026-04-03,Bogotá,Bogotá,0.0,0.0,0.0,0.0
2026-04-03,Bogotá,Bogotá (municipio),0.0,0.0,0.0,0.0
2026-04-03,Bolívar,Bolívar,0.0,0.0,0.0,0.0
2026-04-03,Bolívar,El Carmen de Bolívar,0.0,0.0,0.0012351607043836275,0.0012351607043836275
2026-04-03,Bolívar,Magangué,0.0,0.0,0.008159550488202523,0.008159550488202523
2026-04-03,Bolívar,Turbaco,0.0,0.0,0.011169673021030193,0.011169673021030193
2026-04-03,Boyacá,Boyacá,0.0,0.0,0.0,0.0
2026-04-03,Boyacá,Chiquinquira,1.7,0.010106,0.017085816559547023,0.006979816559547023
2026-04-03,Boyacá,Duitama,1.7,0.032647,0.056641181049890514,0.02399418104989051
2026-04-03,Boyacá,Puerto Boyacá,1.7,0.0,0.008888709857893895,0.008888709857893895
2026-04-03,Boyacá,Sogamoso,1.7,0.284923,0.4497684761538407,0.1648454761538407
2026-04-03,Boyacá,Tunja,3.1,0.02564,0.02125953400618035,0.004380465993819648
2026-04-03,Caldas,Caldas,0.0,0.0,0.0,0.0
2026-04-03,Caldas,Chinchiná,0.0,0.0,0.0,0.0
2026-04-03,Caldas,La Dorada,0.0,0.018846,0.008159550488202523,0.010686449511797478
2026-04-03,Caldas,Manizales,0.0,0.873194,0.9017358616956881,0.028541861695688064
2026-04-03,Caldas,Riosucio,0.0,0.0,0.014896440910434704,0.014896440910434704
2026-04-03,Caldas,Villamaría,0.0,0.0,0.020167802642475308,0.020167802642475308
2026-04-03,Caquetá,Caquetá,0.0,0.0,0.0,0.0
2026-04-03,Caquetá,Belén de los Andaquíes,5.0,0.0,0.0,0.0
2026-04-03,Caquetá,Florencia,5.0,0.005003,0.0012351607043836275,0.003767839295616372
2026-04-03,Caquetá,San Vicente del Caguán,5.0,0.0,0.014896440910434704,0.014896440910434704
2026-04-03,Casanare,Casanare,0.0,0.0,0.0,0.0
2026-04-03,Casanare,Aguazul,0.0,0.020908,0.023258560074596365,0.0023505600745963653
2026-04-03,Casanare,Paz de Ariporo,0.0,0.0,0.008888709857893895,0.008888709857893895
2026-04-03,Casanare,Tauramena,0.0,0.489522,0.5914395994664772,0.10191759946647716
2026-04-03,Casanare,Yopal,0.0,0.094405,0.10235536997126202,0.007950369971262014
2026-04-03,Cauca,Cauca,0.0,0.0,0.0,0.0
2026-04-03,Cauca,Patía,0.0,0.0,0.008888709857893895,0.008888709857893895
2026-04-03,Cauca,Popayán,0.0,0.0,0.008888709857893895,0.008888709857893895
2026-04-03,Cauca,Puerto Tejada,0.0,0.110388,0.014896440910434704,0.0954915590895653
2026-04-03,Cauca,Santander de Quilichao,0.0,0.0,0.008888709857893895,0.008888709857893895
2026-04-03,Cesar,Cesar,0.0,0.0,0.0,0.0
2026-04-03,Cesar,Aguachica,1.0,0.018143,0.022847000910473803,0.004704000910473804
2026-04-03,Cesar,Agustín Codazzi,1.0,0.0,0.0,0.0
2026-04-03,Cesar,Bosconia,1.0,0.003875,0.0048716290701106635,0.0009966290701106635
2026-04-03,Cesar,Valledupar,1.0,0.16748,0.12811258643140258,0.03936741356859741
2026-04-03,Chocó,Chocó,0.0,0.0,0.0,0.0
2026-04-03,Chocó,Bahía Solano,20.03333333333333,0.0,0.0,0.0
2026-04-03,Chocó,El Carmén,20.03333333333333,0.0,0.0012351607043836275,0.0012351607043836275
2026-04-03,Chocó,Itsmina,20.03333333333333,0.0,0.0012351607043836275,0.0012351607043836275
2026-04-03,Chocó,Quibdó,0.05,0.0,0.014896440910434704,0.014896440910434704
2026-04-03,Cundinamarca,Cundinamarca,0.0,0.0,0.0,0.0
2026-04-03,Cundinamarca,Chía,0.0,0.0,0.0,0.0
2026-04-03,Cundinamarca,Facatativá,0.0,0.0,0.0012351607043836275,0.0012351607043836275
2026-04-03,Cundinamarca,Fusagasugá,0.0,0.0,0.0012351607043836275,0.0012351607043836275
2026-04-03,Cundinamarca,Soacha,0.0,0.347818,0.4497684761538407,0.10195047615384067
2026-04-03,Cundinamarca,Zipaquirá,0.0,0.0,0.0,0.0
2026-04-03,Córdoba,Córdoba,0.0,0.0,0.0,0.0
2026-04-03,Córdoba,Cereté,0.0,0.0,0.0,0.0
2026-04-03,Córdoba,Lorica,0.0,0.023143,0.008159550488202523,0.014983449511797477
2026-04-03,Córdoba,Montelibano,0.0,3.350187,3.5861314847743806,0.23594448477438057
2026-04-03,Córdoba,Montería,0.0,0.0,0.008888709857893895,0.008888709857893895
2026-04-03,Córdoba,Sahagún,0.0,0.0,0.014896440910434704,0.014896440910434704
2026-04-03,Huila,Huila,0.0,0.0,0.0012351607043836275,0.0012351607043836275
2026-04-03,Huila,Garzón,1.8333333333333333,0.0,0.0012351607043836275,0.0012351607043836275
2026-04-03,Huila,La Plata,1.8333333333333333,0.000717,0.008159550488202523,0.007442550488202524
2026-04-03,Huila,Neiva,1.8333333333333333,0.185408,0.2512459490693344,0.0658379490693344
2026-04-03,Huila,Pitalito,1.8333333333333333,0.018492,0.2512459490693344,0.2327539490693344
2026-04-03,La Guajira,La Guajira,0.0,0.0,0.008159550488202523,0.008159550488202523
2026-04-03,La Guajira,Maicao,0.0,0.009116,0.008159550488202523,0.0009564495117974775
2026-04-03,La Guajira,Riohacha,0.0,0.550728,0.3514022759808056,0.1993257240191944
2026-04-03,La Guajira,San Juan del Cesar,0.0,0.0,0.010832382237350892,0.010832382237350892
2026-04-03,La Guajira,Uribia,0.0,0.002326,0.07127782493697991,0.06895182493697992
2026-04-03,Magdalena,Magdalena,0.0,0.0,0.008159550488202523,0.008159550488202523
2026-04-03,Magdalena,Ciénaga,0.0,0.0,0.0,0.0
2026-04-03,Magdalena,El Banco,0.0,0.002903,0.0012351607043836275,0.0016678392956163727
2026-04-03,Magdalena,Fundación,0.0,0.0,0.0012351607043836275,0.0012351607043836275
2026-04-03,Magdalena,Santa Marta,0.0,0.506177,0.48381407004148536,0.022362929958514632
2026-04-03,Meta,Meta,0.0,0.0,0.0,0.0
2026-04-03,Meta,Acacías,0.1666666666666666,0.0,0.0,0.0
2026-04-03,Meta,Granada,0.1666666666666666,0.029613,0.01711641120954842,0.012496588790451582
2026-04-03,Meta,Puerto López,0.1666666666666666,0.0,0.0005467116082744075,0.0005467116082744075
2026-04-03,Meta,Villavicencio,0.1666666666666666,6.136291,4.251274715931537,1.8850162840684632
2026-04-03,Nariño,Nariño,0.0,0.0,0.0022404998815974556,0.0022404998815974556
2026-04-03,Nariño,Ipiales,0.0,0.011253,0.01366816094568341,0.0024151609456834096
2026-04-03,Nariño,Pasto,0.0,0.079023,0.08723717066758774,0.008214170667587742
2026-04-03,Nariño,Tumaco,0.0,0.025992,0.016122351575244682,0.00986964842475532
2026-04-03,Nariño,Tuquerres,0.0,0.003,0.016122351575244682,0.013122351575244683
2026-04-03,Norte de Santander,Norte de Santander,0.0,0.0,0.0004026142013689178,0.0004026142013689178
2026-04-03,Norte de Santander,Cucutá,2.15,0.0,0.0,0.0
2026-04-03,Norte de Santander,Ocaña,2.15,0.0,0.0004026142013689178,0.0004026142013689178
2026-04-03,Norte de Santander,Pamplona,2.15,0.001765,0.0004026142013689178,0.0013623857986310823
2026-04-03,Norte de Santander,Villa del Rosario,2.15,0.0,0.0004026142013689178,0.0004026142013689178
2026-04-03,Putumayo,Putumayo,0.0,0.0,0.0004026142013689178,0.0004026142013689178
2026-04-03,Putumayo,Mocoa,1.75,0.061756,0.049441265397536405,0.012314734602463594
2026-04-03,Putumayo,Orito,1.75,0.000227,0.0004026142013689178,0.00017561420136891779
2026-04-03,Putumayo,Puerto Asís,1.75,0.0,0.0004026142013689178,0.0004026142013689178
2026-04-03,Quindío,Quindío,0.0,0.0,0.002846168095513756,0.002846168095513756
2026-04-03,Quindío,Armenia,0.0,0.067981,0.08024927881939219,0.012268278819392187
2026-04-03,Quindío,Calarcá,0.0,0.0,0.0,0.0
2026-04-03,Quindío,Montenegro,0.0,0.008587,0.0125970843235176,0.0040100843235176
2026-04-03,Quindío,Quimbaya,0.0,0.004274,0.002846168095513756,0.0014278319044862442
2026-04-03,Risaralda,Risaralda,0.0,0.0,0.0010784720856514426,0.0010784720856514426
2026-04-03,Risaralda,Belén de Umbría,0.0,0.0,0.0,0.0
2026-04-03,Risaralda,Dosquebradas,0.0,0.0,0.0,0.0
2026-04-03,Risaralda,Pereira,0.0,0.375348,0.41680302322889773,0.041455023228897714
2026-04-03,Risaralda,Santa Rosa de Cabal,0.0,0.0,0.0010784720856514426,0.0010784720856514426
2026-04-03,Santander,Santander,0.0,0.0,0.0010784720856514426,0.0010784720856514426
2026-04-03,Sucre,Sucre,0.0,0.0,0.002807073915801902,0.002807073915801902
2026-04-03,Sucre,Corozal,0.0,0.023329,0.02724903549759394,0.0039200354975939405
2026-04-03,Sucre,San Marcos,0.0,0.005479,0.006190475945402813,0.0007114759454028129
2026-04-03,Sucre,Tolú,0.0,0.0,0.002807073915801902,0.002807073915801902
2026-04-03,Tolima,Tolima,0.0,0.0,0.002807073915801902,0.002807073915801902
2026-04-03,Tolima,Espinal,8.166666666666666,0.102003,0.0788134338989718,0.023189566101028194
2026-04-03,Tolima,Honda,8.166666666666666,0.003846,0.0029695034128318825,0.0008764965871681176
2026-04-03,Tolima,Ibagué,8.166666666666666,0.0,0.0,0.0
2026-04-03,Tolima,Líbano,8.166666666666666,0.0,0.0,0.0
2026-04-03,Tolima,Melgar,8.166666666666666,0.05241,0.05251694704089961,0.00010694704089961315
2026-04-03,Valle del Cauca,Valle del Cauca,0.0,0.0,0.0,0.0
2026-04-03,Valle del Cauca,Buenaventura,0.0,0.116988,0.12719371553999875,0.010205715539998758
2026-04-03,Valle del Cauca,Cali,0.0,1.892441,2.057974253897567,0.16553325389756712
2026-04-03,Valle del Cauca,Cartago,0.0,0.124275,0.1383061368326176,0.014031136832617613
2026-04-03,Valle del Cauca,Palmira,0.0,0.778865,0.869102935044349,0.09023793504434896
2026-04-03,Valle del Cauca,Tuluá,0.0,0.0,0.0,0.0
2026-05-01,Antioquia,Antioquia,0.0,0.0,0.0,0.0
2026-05-01,Arauca,Arauca,0.0,0.0,0.0,0.0
2026-05-01,Atlántico,Atlántico,0.0,0.0,0.0,0.0
2026-05-01,Bogotá,Bogotá,0.0,0.0,0.0,0.0
2026-05-01,Bogotá,Bogotá (municipio),4.7,0.0,0.0,0.0
2026-05-01,Bolívar,Bolívar,0.0,0.0,0.0,0.0
2026-05-01,Bolívar,El Carmen de Bolívar,0.0,0.0,0.0012351607043836275,0.0012351607043836275
2026-05-01,Bolívar,Magangué,0.0,0.0,0.008159550488202523,0.008159550488202523
2026-05-01,Bolívar,Turbaco,0.0,0.0,0.011169673021030193,0.011169673021030193
2026-05-01,Boyacá,Boyacá,0.0,0.0,0.0,0.0
2026-05-01,Boyacá,Chiquinquira,11.4,0.018801,0.017085816559547023,0.0017151834404529748
2026-05-01,Boyacá,Duitama,11.4,0.060739,0.05674196430358466,0.003997035696415338
2026-05-01,Boyacá,Puerto Boyacá,11.4,0.0,0.008888709857893895,0.008888709857893895
2026-05-01,Boyacá,Sogamoso,11.4,0.530091,0.4497684761538407,0.08032252384615929
2026-05-01,Boyacá,Tunja,3.5,0.047702,0.02125953400618035,0.02644246599381965
2026-05-01,Caldas,Caldas,0.0,0.0,0.0,0.0
2026-05-01,Caldas,Chinchiná,2.5,0.0,0.0,0.0
2026-05-01,Caldas,La Dorada,2.5,0.015119,0.008159550488202523,0.006959449511797477
2026-05-01,Caldas,Manizales,2.5,0.700514,0.8875671879765307,0.1870531879765307
2026-05-01,Caldas,Riosucio,2.5,0.0,0.014896440910434704,0.014896440910434704
2026-05-01,Caldas,Villamaría,2.5,0.0,0.020167802642475308,0.020167802642475308
2026-05-01,Caquetá,Caquetá,0.0,0.0,0.0,0.0
2026-05-01,Caquetá,Belén de los Andaquíes,15.0,0.0,0.0,0.0
2026-05-01,Caquetá,Florencia,15.0,0.009801,0.0012351607043836275,0.008565839295616374
2026-05-01,Caquetá,San Vicente del Caguán,15.0,0.0,0.014896440910434704,0.014896440910434704
2026-05-01,Casanare,Casanare,0.0,0.0,0.0,0.0
2026-05-01,Casanare,Aguazul,44.14,0.021705,0.023258560074596365,0.0015535600745963662
2026-05-01,Casanare,Paz de Ariporo,44.14,0.0,0.008888709857893895,0.008888709857893895
2026-05-01,Casanare,Tauramena,44.14,0.508188,0.5914395994664772,0.0832515994664772
2026-05-01,Casanare,Yopal,49.333333333333336,0.098005,0.1142811083813866,0.0162761083813866
2026-05-01,Cauca,Cauca,0.0,0.0,0.0,0.0
2026-05-01,Cauca,Patía,0.0,0.0,0.008888709857893895,0.008888709857893895
2026-05-01,Cauca,Popayán,0.0,0.0,0.008888709857893895,0.008888709857893895
2026-05-01,Cauca,Puerto Tejada,0.0,0.313551,0.014896440910434704,0.29865455908956534
2026-05-01,Cauca,Santander de Quilichao,0.0,0.0,0.008888709857893895,0.008888709857893895
2026-05-01,Cesar,Cesar,0.0,0.0,0.0,0.0
2026-05-01,Cesar,Aguachica,0.0,0.019733,0.022847000910473803,0.0031140009104738027
2026-05-01,Cesar,Agustín Codazzi,0.0,0.0,0.0,0.0
2026-05-01,Cesar,Bosconia,0.0,0.004215,0.0048716290701106635,0.0006566290701106635
2026-05-01,Cesar,Valledupar,0.0,0.182153,0.12811258643140258,0.05404041356859743
2026-05-01,Chocó,Chocó,0.0,0.0,0.0,0.0
2026-05-01,Chocó,Bahía Solano,49.1,0.0,0.0,0.0
2026-05-01,Chocó,El Carmén,49.1,0.0,0.0012351607043836275,0.0012351607043836275
2026-05-01,Chocó,Itsmina,49.1,0.0,0.0012351607043836275,0.0012351607043836275
2026-05-01,Chocó,Quibdó,74.2,0.0,0.014896440910434704,0.014896440910434704
2026-05-01,Cundinamarca,Cundinamarca,0.0,0.0,0.0,0.0
2026-05-01,Cundinamarca,Chía,4.7,0.0,0.0,0.0
2026-05-01,Cundinamarca,Facatativá,4.7,0.0,0.0012351607043836275,0.0012351607043836275
2026-05-01,Cundinamarca,Fusagasugá,4.7,0.0,0.0012351607043836275,0.0012351607043836275
2026-05-01,Cundinamarca,Soacha,4.7,0.41258,0.4497684761538407,0.03718847615384069
2026-05-01,Cundinamarca,Zipaquirá,4.7,0.0,0.0,0.0
2026-05-01,Córdoba,Córdoba,0.0,0.0,0.0,0.0
2026-05-01,Huila,Huila,0.0,0.0,0.0012351607043836275,0.0012351607043836275
2026-05-01,Huila,Garzón,0.0,0.0,0.0012351607043836275,0.0012351607043836275
2026-05-01,Huila,La Plata,0.0,0.000893,0.008159550488202523,0.007266550488202524
2026-05-01,Huila,Neiva,0.0,0.230749,0.2512459490693344,0.020496949069334386
2026-05-01,Huila,Pitalito,0.0,0.023015,0.2512459490693344,0.2282309490693344
2026-05-01,La Guajira,La Guajira,0.0,0.0,0.008159550488202523,0.008159550488202523
2026-05-01,La Guajira,Maicao,0.0,0.009174,0.008159550488202523,0.0010144495117974765
2026-05-01,La Guajira,Riohacha,0.0,0.554218,0.3514022759808056,0.2028157240191944
2026-05-01,La Guajira,San Juan del Cesar,0.0,0.0,0.010832382237350892,0.010832382237350892
2026-05-01,La Guajira,Uribia,0.0,0.002341,0.07127782493697991,0.06893682493697992
2026-05-01,Magdalena,Magdalena,0.0,0.0,0.008159550488202523,0.008159550488202523
2026-05-01,Magdalena,Ciénaga,14.0,0.0,0.0,0.0
2026-05-01,Magdalena,El Banco,14.0,0.002534,0.0012351607043836275,0.0012988392956163723
2026-05-01,Magdalena,Fundación,14.0,0.0,0.0012351607043836275,0.0012351607043836275
2026-05-01,Magdalena,Santa Marta,14.0,0.441828,0.4425088008823652,0.0006808008823652179
2026-05-01,Meta,Meta,0.0,0.0,0.0,0.0
2026-05-01,Meta,Acacías,10.65,0.0,0.0,0.0
2026-05-01,Meta,Granada,10.65,0.029846,0.01711641120954842,0.012729588790451583
2026-05-01,Meta,Puerto López,10.65,0.0,0.0005467116082744075,0.0005467116082744075
2026-05-01,Meta,Villavicencio,10.65,6.18451,4.54967330464895,1.6348366953510505
2026-05-01,Nariño,Nariño,0.0,0.0,0.0022404998815974556,0.0022404998815974556
2026-05-01,Nariño,Ipiales,7.0,0.011906,0.01366816094568341,0.0017621609456834105
2026-05-01,Nariño,Pasto,7.0,0.083607,0.08723717066758774,0.003630170667587737
2026-05-01,Nariño,Tumaco,7.0,0.0275,0.016122351575244682,0.011377648424755318
2026-05-01,Nariño,Tuquerres,7.0,0.003174,0.016122351575244682,0.012948351575244682
2026-05-01,Norte de Santander,Norte de Santander,0.0,0.0,0.0004026142013689178,0.0004026142013689178
2026-05-01,Norte de Santander,Cucutá,0.0,0.0,0.0,0.0
2026-05-01,Norte de Santander,Ocaña,0.0,0.0,0.0004026142013689178,0.0004026142013689178
2026-05-01,Norte de Santander,Pamplona,0.0,0.002299,0.0004026142013689178,0.001896385798631082
2026-05-01,Norte de Santander,Villa del Rosario,0.0,0.0,0.0004026142013689178,0.0004026142013689178
2026-05-01,Putumayo,Putumayo,0.0,0.0,0.0004026142013689178,0.0004026142013689178
2026-05-01,Putumayo,Mocoa,4.033333333333333,0.064541,0.049441265397536405,0.015099734602463596
2026-05-01,Putumayo,Orito,4.033333333333333,0.000238,0.0004026142013689178,0.00016461420136891776
2026-05-01,Putumayo,Puerto Asís,4.033333333333333,0.0,0.0004026142013689178,0.0004026142013689178
2026-05-01,Quindío,Quindío,0.0,0.0,0.002846168095513756,0.002846168095513756
2026-05-01,Quindío,Armenia,0.0,0.0825,0.08023302001516772,0.0022669799848322875
2026-05-01,Quindío,Calarcá,0.0,0.0,0.0,0.0
2026-05-01,Quindío,Montenegro,0.0,0.010421,0.0125970843235176,0.0021760843235176
2026-05-01,Quindío,Quimbaya,0.0,0.005187,0.002846168095513756,0.002340831904486244
2026-05-01,Risaralda,Risaralda,0.0,0.0,0.0010784720856514426,0.0010784720856514426
2026-05-01,Risaralda,Belén de Umbría,1.8,0.0,0.0,0.0
2026-05-01,Risaralda,Dosquebradas,1.8,0.0,0.0,0.0
2026-05-01,Risaralda,Pereira,1.8,0.603807,0.41680302322889773,0.18700397677110225
2026-05-01,Risaralda,Santa Rosa de Cabal,1.8,0.0,0.0010784720856514426,0.0010784720856514426
2026-05-01,Santander,Santander,0.0,0.0,0.0010784720856514426,0.0010784720856514426
2026-05-01,Sucre,Sucre,0.0,0.0,0.002807073915801902,0.002807073915801902
2026-05-01,Sucre,Corozal,10.2,0.026407,0.02724903549759394,0.0008420354975939397
2026-05-01,Sucre,San Marcos,10.2,0.006202,0.006190475945402813,1.152405459718675e-05
2026-05-01,Sucre,Tolú,10.2,0.0,0.002807073915801902,0.002807073915801902
2026-05-01,Tolima,Tolima,0.0,0.0,0.002807073915801902,0.002807073915801902
2026-05-01,Tolima,Espinal,0.15,0.098937,0.0788134338989718,0.020123566101028195
2026-05-01,Tolima,Honda,0.15,0.00373,0.0029695034128318825,0.0007604965871681173
2026-05-01,Tolima,Ibagué,0.15,0.0,0.0,0.0
2026-05-01,Tolima,Líbano,0.15,0.0,0.0,0.0
2026-05-01,Tolima,Melgar,0.15,0.050835,0.05251694704089961,0.0016819470408996132
2026-05-01,Valle del Cauca,Valle del Cauca,0.0,0.0,0.0,0.0
2026-05-01,Valle del Cauca,Buenaventura,0.0,0.148378,0.13381818210530566,0.014559817894694349
2026-05-01,Valle del Cauca,Cali,0.0,2.400207,2.135748178839721,0.2644588211602792
2026-05-01,Valle del Cauca,Cartago,0.0,0.157619,0.14093729526788204,0.01668170473211797
2026-05-01,Valle del Cauca,Palmira,0.0,0.987844,0.8835867265194056,0.10425727348059444
2026-05-01,Valle del Cauca,Tuluá,0.0,0.0,0.0,0.0
2026-05-18,Antioquia,Antioquia,0.0,0.0,0.0,0.0
2026-05-18,Arauca,Arauca,0.0,0.0,0.0,0.0
2026-05-18,Atlántico,Atlántico,0.0,0.0,0.0,0.0
2026-05-18,Bogotá,Bogotá,0.0,0.0,0.0,0.0
2026-05-18,Bogotá,Bogotá (municipio),1.5,0.0,0.0,0.0
2026-05-18,Bolívar,Bolívar,0.0,0.0,0.0,0.0
2026-05-18,Bolívar,El Carmen de Bolívar,0.0,0.0,0.0012351607043836275,0.0012351607043836275
2026-05-18,Bolívar,Magangué,0.0,0.0,0.008159550488202523,0.008159550488202523
2026-05-18,Bolívar,Turbaco,0.0,0.0,0.011169673021030193,0.011169673021030193
2026-05-18,Boyacá,Boyacá,0.0,0.0,0.0,0.0
2026-05-18,Boyacá,Chiquinquira,0.7,0.018303,0.017085816559547023,0.0012171834404529763
2026-05-18,Boyacá,Duitama,0.7,0.059131,0.05658682200482973,0.002544177995170274
2026-05-18,Boyacá,Puerto Boyacá,0.7,0.0,0.008888709857893895,0.008888709857893895
2026-05-18,Boyacá,Sogamoso,0.7,0.51605,0.4497684761538407,0.06628152384615932
2026-05-18,Boyacá,Tunja,0.7,0.046439,0.02125953400618035,0.02517946599381965
2026-05-18,Caldas,Caldas,0.0,0.0,0.0,0.0
2026-05-18,Caldas,Chinchiná,2.7,0.0,0.0,0.0
2026-05-18,Caldas,La Dorada,2.7,0.020772,0.008159550488202523,0.012612449511797475
2026-05-18,Caldas,Manizales,2.7,0.9624,0.9094058844104747,0.05299411558952538
2026-05-18,Caldas,Riosucio,2.7,0.0,0.014896440910434704,0.014896440910434704
2026-05-18,Caldas,Villamaría,2.7,0.0,0.020167802642475308,0.020167802642475308
2026-05-18,Caquetá,Caquetá,0.0,0.0,0.0,0.0
2026-05-18,Caquetá,Belén de los Andaquíes,0.0,0.0,0.0,0.0
2026-05-18,Caquetá,Florencia,0.0,0.009067,0.0012351607043836275,0.007831839295616374
2026-05-18,Caquetá,San Vicente del Caguán,0.0,0.0,0.014896440910434704,0.014896440910434704
2026-05-18,Casanare,Casanare,0.0,0.0,0.0,0.0
2026-05-18,Casanare,Aguazul,10.86,0.02248,0.023258560074596365,0.0007785600745963649
2026-05-18,Casanare,Paz de Ariporo,10.86,0.0,0.008888709857893895,0.008888709857893895
2026-05-18,Casanare,Tauramena,10.86,0.526344,0.5914395994664772,0.06509559946647714
2026-05-18,Casanare,Yopal,8.366666666666667,0.101507,0.11545353301011443,0.013946533010114434
2026-05-18,Cauca,Cauca,0.0,0.0,0.0,0.0
2026-05-18,Cauca,Patía,0.0,0.0,0.008888709857893895,0.008888709857893895
2026-05-18,Cauca,Popayán,0.0,0.0,0.008888709857893895,0.008888709857893895
2026-05-18,Cauca,Puerto Tejada,0.0,0.265965,0.014896440910434704,0.2510685590895653
2026-05-18,Cauca,Santander de Quilichao,0.0,0.0,0.008888709857893895,0.008888709857893895
2026-05-18,Cesar,Cesar,0.0,0.0,0.0,0.0
2026-05-18,Cesar,Aguachica,0.0,0.015558,0.022847000910473803,0.007289000910473803
2026-05-18,Cesar,Agustín Codazzi,0.0,0.0,0.0,0.0
2026-05-18,Cesar,Bosconia,0.0,0.003323,0.0048716290701106635,0.0015486290701106635
2026-05-18,Cesar,Valledupar,0.0,0.143613,0.12811258643140258,0.01550041356859741
2026-05-18,Chocó,Chocó,0.0,0.0,0.0,0.0
2026-05-18,Chocó,Bahía Solano,42.85,0.0,0.0,0.0
2026-05-18,Chocó,El Carmén,42.85,0.0,0.0012351607043836275,0.0012351607043836275
2026-05-18,Chocó,Itsmina,42.85,0.0,0.0012351607043836275,0.0012351607043836275
2026-05-18,Chocó,Quibdó,0.7,0.0,0.014896440910434704,0.014896440910434704
2026-05-18,Cundinamarca,Cundinamarca,0.0,0.0,0.0,0.0
2026-05-18,Cundinamarca,Chía,1.5,0.0,0.0,0.0
2026-05-18,Cundinamarca,Facatativá,1.5,0.0,0.0012351607043836275,0.0012351607043836275
2026-05-18,Cundinamarca,Fusagasugá,1.5,0.0,0.0012351607043836275,0.0012351607043836275
2026-05-18,Cundinamarca,Soacha,1.5,0.400717,0.4497684761538407,0.0490514761538407
2026-05-18,Cundinamarca,Zipaquirá,1.5,0.0,0.0,0.0
2026-05-18,Córdoba,Córdoba,0.0,0.0,0.0,0.0
2026-05-18,Córdoba,Cereté,1.9,0.0,0.0,0.0
2026-05-18,Córdoba,Lorica,1.9,0.023441,0.008159550488202523,0.015281449511797477
2026-05-18,Córdoba,Montelibano,1.9,3.39341,3.421724443499388,0.028314443499388275
2026-05-18,Córdoba,Montería,1.9,0.0,0.008888709857893895,0.008888709857893895
2026-05-18,Córdoba,Sahagún,1.9,0.0,0.014896440910434704,0.014896440910434704
2026-05-18,Huila,Huila,0.0,0.0,0.0012351607043836275,0.0012351607043836275
2026-05-18,Huila,Garzón,1.5666666666666669,0.0,0.0012351607043836275,0.0012351607043836275
2026-05-18,Huila,La Plata,1.5666666666666669,0.000842,0.008159550488202523,0.0073175504882025235
2026-05-18,Huila,Neiva,1.5666666666666669,0.21773,0.2512459490693344,0.03351594906933439
2026-05-18,Huila,Pitalito,1.5666666666666669,0.021716,0.2512459490693344,0.22952994906933438
2026-05-18,La Guajira,La Guajira,0.0,0.0,0.008159550488202523,0.008159550488202523
2026-05-18,La Guajira,Maicao,0.0,0.008784,0.008159550488202523,0.0006244495117974768
2026-05-18,La Guajira,Riohacha,0.0,0.530653,0.3514022759808056,0.17925072401919445
2026-05-18,La Guajira,San Juan del Cesar,0.0,0.0,0.010832382237350892,0.010832382237350892
2026-05-18,La Guajira,Uribia,0.0,0.002241,0.07127782493697991,0.06903682493697991
2026-05-18,Magdalena,Magdalena,0.0,0.0,0.008159550488202523,0.008159550488202523
2026-05-18,Magdalena,Ciénaga,0.0,0.0,0.0,0.0
2026-05-18,Magdalena,El Banco,0.0,0.002806,0.0012351607043836275,0.0015708392956163724
2026-05-18,Magdalena,Fundación,0.0,0.0,0.0012351607043836275,0.0012351607043836275
2026-05-18,Magdalena,Santa Marta,0.0,0.489286,0.4939786154358726,0.004692615435872627
2026-05-18,Meta,Meta,0.0,0.0,0.0,0.0
2026-05-18,Meta,Acacías,32.650000000000006,0.0,0.0,0.0
2026-05-18,Meta,Granada,32.650000000000006,0.02481,0.01711641120954842,0.00769358879045158
2026-05-18,Meta,Puerto López,32.650000000000006,0.0,0.0005467116082744075,0.0005467116082744075
2026-05-18,Meta,Villavicencio,32.650000000000006,5.140863,4.441255553787547,0.6996074462124531
2026-05-18,Nariño,Nariño,0.0,0.0,0.0022404998815974556,0.0022404998815974556
2026-05-18,Nariño,Ipiales,2.0,0.011964,0.01366816094568341,0.0017041609456834098
2026-05-18,Nariño,Pasto,2.0,0.084014,0.08723717066758774,0.0032231706675877325
2026-05-18,Nariño,Tumaco,2.0,0.027633,0.016122351575244682,0.01151064842475532
2026-05-18,Nariño,Tuquerres,2.0,0.00319,0.016122351575244682,0.012932351575244682
2026-05-18,Norte de Santander,Norte de Santander,0.0,0.0,0.0004026142013689178,0.0004026142013689178
2026-05-18,Norte de Santander,Cucutá,0.0,0.0,0.0,0.0
2026-05-18,Norte de Santander,Ocaña,0.0,0.0,0.0004026142013689178,0.0004026142013689178
2026-05-18,Norte de Santander,Pamplona,0.0,0.00203,0.0004026142013689178,0.0016273857986310823
2026-05-18,Norte de Santander,Villa del Rosario,0.0,0.0,0.0004026142013689178,0.0004026142013689178
2026-05-18,Putumayo,Putumayo,0.0,0.0,0.0004026142013689178,0.0004026142013689178
2026-05-18,Putumayo,Mocoa,25.8,0.067656,0.049441265397536405,0.01821473460246359
2026-05-18,Putumayo,Orito,25.8,0.000249,0.0004026142013689178,0.0001536142013689178
2026-05-18,Putumayo,Puerto Asís,25.8,0.0,0.0004026142013689178,0.0004026142013689178
2026-05-18,Quindío,Quindío,0.0,0.0,0.002846168095513756,0.002846168095513756
2026-05-18,Risaralda,Risaralda,0.0,0.0,0.0010784720856514426,0.0010784720856514426
2026-05-18,Risaralda,Belén de Umbría,1.6,0.0,0.0,0.0
2026-05-18,Risaralda,Dosquebradas,1.6,0.0,0.0,0.0
2026-05-18,Risaralda,Pereira,1.6,0.47108,0.41680302322889773,0.05427697677110227
2026-05-18,Risaralda,Santa Rosa de Cabal,1.6,0.0,0.0010784720856514426,0.0010784720856514426
2026-05-18,Santander,Santander,0.0,0.0,0.0010784720856514426,0.0010784720856514426
2026-05-18,Sucre,Sucre,0.0,0.0,0.002807073915801902,0.002807073915801902
2026-05-18,Sucre,Corozal,0.0,0.025351,0.02724903549759394,0.001898035497593941
2026-05-18,Sucre,San Marcos,0.0,0.005954,0.006190475945402813,0.0002364759454028132
2026-05-18,Sucre,Tolú,0.0,0.0,0.002807073915801902,0.002807073915801902
2026-05-18,Tolima,Tolima,0.0,0.0,0.002807073915801902,0.002807073915801902
2026-05-18,Tolima,Espinal,0.1,0.093086,0.0788134338989718,0.0142725661010282
2026-05-18,Tolima,Honda,0.1,0.00351,0.0029695034128318825,0.0005404965871681176
2026-05-18,Tolima,Ibagué,0.1,0.0,0.0,0.0
2026-05-18,Tolima,Líbano,0.1,0.0,0.0,0.0
2026-05-18,Tolima,Melgar,0.1,0.047829,0.05251694704089961,0.004687947040899608
2026-05-18,Valle del Cauca,Valle del Cauca,0.0,0.0,0.0,0.0
2026-05-18,Valle del Cauca,Buenaventura,0.0,0.143741,0.13186125057442719,0.011879749425572822
2026-05-18,Valle del Cauca,Cali,0.0,2.325202,2.1097948746687623,0.21540712533123774
2026-05-18,Valle del Cauca,Cartago,0.0,0.152694,0.1386231410038884,0.014070858996111602
2026-05-18,Valle del Cauca,Palmira,0.0,0.956975,0.8786178435634171,0.07835715643658292
2026-05-18,Valle del Cauca,Tuluá,0.0,0.0,0.0,0.0
